{"cameraMode":{"drawMode":0,"name":"Shaded","section":"Shading Mode"},"sceneLighting":true,"audioPlay":false,"sceneViewState":{"m_AlwaysRefresh":false,"showFog":true,"showSkybox":true,"showFlares":true,"showImageEffects":true,"showParticleSystems":true,"showVisualEffectGraphs":true,"m_FxEnabled":true},"in2DMode":false,"pivot":{"x":556.7207641601563,"y":191.71109008789063,"z":578.4640502929688},"rotation":{"x":0.05578592047095299,"y":0.004492482636123896,"z":-0.0002316843456355855,"w":0.9985424876213074},"size":427.61688232421877,"orthographic":false}